archetypeName,url,common,uncommon,rare,strength,dexterity,constitution,wisdom,intelligence,charisma,alchemy,anythingLore,arcane,armorFamiliarity,divine,exploration,focusSpells,freeCounsumables,infiniteHealing,innate,metastrike,minion,multiclass,occult,prepared,primal,reaction,resistance,skillScaling,skillFeats,spontaneous,stance,unarmed,weaponFamiliarity
Acrobat,https://2e.aonprd.com/Archetypes.aspx?ID=236,TRUE,,,,TRUE,,,,TRUE,,,,,,,,,,TRUE,TRUE,,,TRUE,FALSE,,TRUE,,TRUE,TRUE,FALSE,,,
Alchemist,https://2e.aonprd.com/Archetypes.aspx?ID=228,TRUE,,,,,,,TRUE,,TRUE,,,,,,,TRUE,,,FALSE,,TRUE,,FALSE,,,,,,,,,
Aldori Duelist,https://2e.aonprd.com/Archetypes.aspx?ID=324,FALSE,TRUE,,TRUE,TRUE,,,,,,,,,,,,,,FALSE,TRUE,,,,FALSE,,TRUE,,,TRUE,FALSE,TRUE,,TRUE
Alkenstar Agent,https://2e.aonprd.com/Archetypes.aspx?ID=183,FALSE,TRUE,,,,,,,TRUE,,,,,,,,,,,TRUE,,,,,,TRUE,,,TRUE,,,,
Alter Ego,https://2e.aonprd.com/Archetypes.aspx?ID=344,FALSE,TRUE,,,,,,,TRUE,,,,,,,,,,TRUE,,,,TRUE,,,TRUE,,,TRUE,,,,
Animal Trainer,https://2e.aonprd.com/Archetypes.aspx?ID=38,FALSE,TRUE,,,,,,,,,,,,,,,,,,,TRUE,,,,,,,,,,,,
Animist,https://2e.aonprd.com/Archetypes.aspx?ID=280,TRUE,,,,,,TRUE,,,,,,,TRUE,,,,,,,,TRUE,,TRUE,,,,,,,,,
Archaeologist,https://2e.aonprd.com/Archetypes.aspx?ID=237,TRUE,,,,,,,,,,,,,,TRUE,,,,TRUE,,,,TRUE,,,,,,TRUE,,,,
Archer,https://2e.aonprd.com/Archetypes.aspx?ID=238,TRUE,,,,TRUE,,,,,,,,,,,,,,,TRUE,,,,,,,,,,,TRUE,,TRUE
Artillerist,https://2e.aonprd.com/Archetypes.aspx?ID=115,TRUE,,,,,,,,,,,,,,,,,,,,,,,,,,,,TRUE,,,,
Assassin,https://2e.aonprd.com/Archetypes.aspx?ID=239,TRUE,,,,,,,,,,,,,,,,,,,TRUE,,,,,,,TRUE,,TRUE,,,,
Barbarian,https://2e.aonprd.com/Archetypes.aspx?ID=229,TRUE,,,TRUE,,TRUE,,,,,,,,,,,,,,TRUE,,,,,,TRUE,,,,,,,
Bard,https://2e.aonprd.com/Archetypes.aspx?ID=211,TRUE,,,,FALSE,,,,TRUE,,TRUE,,,,,,,TRUE,,FALSE,,TRUE,,,,,,,,TRUE,,,
Bastion,https://2e.aonprd.com/Archetypes.aspx?ID=240,TRUE,,,,,,,,,,,,,,,,,,,,,,,,,TRUE,,,,,TRUE,,
Beast Gunner,https://2e.aonprd.com/Archetypes.aspx?ID=116,FALSE,TRUE,,,TRUE,,,TRUE,TRUE,,,TRUE,,,,,,,,TRUE,,,,,TRUE,,,,,TRUE,,,
Beastmaster,https://2e.aonprd.com/Archetypes.aspx?ID=241,TRUE,,,,,,TRUE,,,,,,,,,TRUE,,TRUE,,,TRUE,,,,TRUE,,,,,,,,
Bellflower Tiller,https://2e.aonprd.com/Archetypes.aspx?ID=23,FALSE,TRUE,,,,,,,,,,,,,TRUE,,,,,,,,,,,,,,,,,,
Blackjacket,https://2e.aonprd.com/Archetypes.aspx?ID=316,FALSE,TRUE,,,,,,,TRUE,,,,,,TRUE,,,,,TRUE,,,,,,TRUE,,,,,,,
Blessed One,https://2e.aonprd.com/Archetypes.aspx?ID=242,TRUE,,,,,,,,TRUE,,,,,TRUE,,TRUE,,TRUE,,,,,,,,TRUE,,,,,,,
Bounty Hunter,https://2e.aonprd.com/Archetypes.aspx?ID=243,TRUE,,,,,,,,,,,,,,,,,,,,,,,,,TRUE,,,,,,,
Bright Lion,https://2e.aonprd.com/Archetypes.aspx?ID=129,FALSE,TRUE,,,,,,,TRUE,,,,,TRUE,,TRUE,,,TRUE,,,,,,,,,,,,,,TRUE
Bullet Dancer,https://2e.aonprd.com/Archetypes.aspx?ID=117,FALSE,TRUE,,,TRUE,,TRUE,,,,,,,TRUE,,TRUE,,,,TRUE,,,TRUE,,,,,,,,TRUE,,
Butterfly Blade,https://2e.aonprd.com/Archetypes.aspx?ID=91,FALSE,TRUE,,,,,,,,,,TRUE,,,,,,,TRUE,TRUE,,,,,,TRUE,,,,,,,TRUE
Campfire Chronicler,https://2e.aonprd.com/Archetypes.aspx?ID=300,FALSE,TRUE,,,,,,,TRUE,,,,,,TRUE,TRUE,,,,,,,,,,,TRUE,,,,,,
Captain,https://2e.aonprd.com/Archetypes.aspx?ID=332,FALSE,TRUE,,,,,,,TRUE,,,,,,,,,,,,TRUE,,,,,,,,TRUE,,,,
Captivator,https://2e.aonprd.com/Archetypes.aspx?ID=125,TRUE,,,,,,,,TRUE,,,,,,,,,,TRUE,,,,TRUE,,,TRUE,,,,,,,
Cathartic Mage,https://2e.aonprd.com/Archetypes.aspx?ID=97,FALSE,TRUE,,,,,TRUE,TRUE,TRUE,,,TRUE,,TRUE,,,,,,,,,TRUE,,TRUE,TRUE,,,,TRUE,,,
Cavalier,https://2e.aonprd.com/Archetypes.aspx?ID=244,TRUE,,,,,,,,,,,,,,,,,,,TRUE,TRUE,,,,,TRUE,,,TRUE,,,,
Celebrity,https://2e.aonprd.com/Archetypes.aspx?ID=245,TRUE,,,,,,,,,,,,,,,,,,TRUE,,,,TRUE,,,TRUE,,TRUE,TRUE,,,,
Champion,https://2e.aonprd.com/Archetypes.aspx?ID=230,TRUE,,,TRUE,,,,,TRUE,,,,,TRUE,,TRUE,,TRUE,,,TRUE,TRUE,,,,TRUE,,,,,TRUE,,
Chronoskimmer,https://2e.aonprd.com/Archetypes.aspx?ID=349,FALSE,FALSE,TRUE,,,,,,,,,,,,,,,,,TRUE,,,,,,TRUE,,,,,,,
Clawdancer,https://2e.aonprd.com/Archetypes.aspx?ID=221,TRUE,,,TRUE,TRUE,,,,,,,,,,,,,,,TRUE,,,,,,TRUE,,,,,TRUE,TRUE,
Cleric,https://2e.aonprd.com/Archetypes.aspx?ID=212,TRUE,,,,,,TRUE,,,,,,,TRUE,,TRUE,,,,,,TRUE,,TRUE,,,,,,,,,
Clockwork Reanimator,https://2e.aonprd.com/Archetypes.aspx?ID=184,FALSE,FALSE,TRUE,,,,,,,,,,,,,,,,,,TRUE,,,,,TRUE,,,,,,,
Commander,https://2e.aonprd.com/Archetypes.aspx?ID=322,TRUE,,,,,,,TRUE,,,,,,,,,,,,,,,,,,,,,,,,,
Corpse Tender,https://2e.aonprd.com/Archetypes.aspx?ID=196,FALSE,TRUE,,,,,,,TRUE,,,,,TRUE,,,,,TRUE,,,,,,,,,,,,,,
Crossbow Infiltrator,https://2e.aonprd.com/Archetypes.aspx?ID=325,TRUE,,,,TRUE,,,,,,,,,,,,,,,TRUE,,,,,,,,,,,,,TRUE
Crystal Keeper,https://2e.aonprd.com/Archetypes.aspx?ID=34,FALSE,FALSE,TRUE,,,,,TRUE,,,,TRUE,,,,TRUE,,,TRUE,,,,,,,,TRUE,,,,,,
Cultivator,https://2e.aonprd.com/Archetypes.aspx?ID=278,FALSE,FALSE,TRUE,,,,TRUE,,,,,,,,,TRUE,,,,,,,TRUE,,,,,,,,,,
Curse Maelstrom,https://2e.aonprd.com/Archetypes.aspx?ID=347,FALSE,FALSE,TRUE,,,,TRUE,,,,,,,,,,,,TRUE,,,,TRUE,,,TRUE,,,,,,,
Dandy,https://2e.aonprd.com/Archetypes.aspx?ID=246,TRUE,,,,,,,,,,TRUE,,,,,,,,TRUE,,,,TRUE,,,TRUE,,TRUE,TRUE,,,,
Demolitionist,https://2e.aonprd.com/Archetypes.aspx?ID=118,FALSE,TRUE,,,,,,,,,,,,,,,,,,,,,,,,TRUE,TRUE,,,,,,
Draconic Acolyte,https://2e.aonprd.com/Archetypes.aspx?ID=333,FALSE,TRUE,,,,,,,,,,TRUE,,TRUE,,,,,TRUE,,,,TRUE,,TRUE,TRUE,TRUE,,,,,,
Dragon Disciple,https://2e.aonprd.com/Archetypes.aspx?ID=56,FALSE,TRUE,,,,,,,TRUE,,,TRUE,,TRUE,,TRUE,,,,,,,TRUE,,TRUE,,TRUE,,,,,TRUE,
Drake Rider,https://2e.aonprd.com/Archetypes.aspx?ID=334,FALSE,TRUE,,,,,,,,,,,,,,,,,,,TRUE,,,,,,,,,,TRUE,,
Druid,https://2e.aonprd.com/Archetypes.aspx?ID=213,TRUE,,,,,,TRUE,,,,,,,,,TRUE,,TRUE,,,TRUE,TRUE,,TRUE,TRUE,,TRUE,,,,,,
Dual-Weapon Warrior,https://2e.aonprd.com/Archetypes.aspx?ID=247,TRUE,,,TRUE,TRUE,,,,,,,,,,,,,,,TRUE,,,,,,TRUE,,,,,,,
Duelist,https://2e.aonprd.com/Archetypes.aspx?ID=248,TRUE,,,,,,,,,,,,,,,,,,,TRUE,,,,,,TRUE,,,,,TRUE,,
Eagle Knight,https://2e.aonprd.com/Archetypes.aspx?ID=314,FALSE,TRUE,,,,,,,TRUE,,,,,,TRUE,,,,,TRUE,,,,,,TRUE,TRUE,,,,,,
Edgewatch Detective,https://2e.aonprd.com/Archetypes.aspx?ID=85,FALSE,TRUE,,,,,,,,,,,,,,,,,,,,,,,,,,,,,,,
Eldritch Archer,https://2e.aonprd.com/Archetypes.aspx?ID=249,TRUE,,,,TRUE,,,,TRUE,,,,,,,,,,,TRUE,,,,,,,,,,TRUE,,,
Eldritch Researcher,https://2e.aonprd.com/Archetypes.aspx?ID=89,FALSE,TRUE,,,,,,TRUE,,,,,,,,TRUE,,,TRUE,,,,TRUE,,,,TRUE,,,,,,
Exemplar,https://2e.aonprd.com/Archetypes.aspx?ID=281,FALSE,FALSE,TRUE,TRUE,TRUE,,,,,,,,,,,,,TRUE,,,,TRUE,,,,TRUE,,,,,,,
Exorcist,https://2e.aonprd.com/Archetypes.aspx?ID=171,TRUE,,,,,,,,,,,,,,TRUE,,,TRUE,,,,,,,,TRUE,,,,,,,
Familiar Master,https://2e.aonprd.com/Archetypes.aspx?ID=250,TRUE,,,,,,,,,,,,,,,,,,,,TRUE,,,,,,,,,,,,
Familiar Sage,https://2e.aonprd.com/Archetypes.aspx?ID=279,TRUE,,,,,,,,,,,,,,,,,,,,TRUE,,,,,TRUE,,,,,,,
Fan Dancer,https://2e.aonprd.com/Archetypes.aspx?ID=276,FALSE,TRUE,,,TRUE,,,,TRUE,,,,,,,,,,,TRUE,,,,,,TRUE,,TRUE,TRUE,,,,
Field Propagandist,https://2e.aonprd.com/Archetypes.aspx?ID=326,TRUE,,,,,,,,TRUE,,,,,,,,,,,,,,,,,,,,,,,,
Fighter,https://2e.aonprd.com/Archetypes.aspx?ID=214,TRUE,,,TRUE,TRUE,,,,,,,,,,,,,,,TRUE,,TRUE,,,,,,,,,TRUE,TRUE,
Firebrand Braggart,https://2e.aonprd.com/Archetypes.aspx?ID=24,FALSE,TRUE,,,,,,,TRUE,,,,,,,,,,,,,,,,,TRUE,,,,,,,
Firework Technician,https://2e.aonprd.com/Archetypes.aspx?ID=119,FALSE,TRUE,,,,,,,,TRUE,,,,,,,,,,,,,,,,TRUE,,,,,,,
Five-breath Vanguard,https://2e.aonprd.com/Archetypes.aspx?ID=272,FALSE,TRUE,,TRUE,TRUE,,,,,,,,,,,,,,,TRUE,,,,,,TRUE,,,,,TRUE,TRUE,
Folklorist,https://2e.aonprd.com/Archetypes.aspx?ID=105,FALSE,TRUE,,,,,,,,,TRUE,,,,,,,,,,,,,,,,,,,,,,
Game Hunter,https://2e.aonprd.com/Archetypes.aspx?ID=169,FALSE,TRUE,,,TRUE,,,,,,,,,,,,,,,TRUE,,,,,,TRUE,,,,,,,
Geomancer,https://2e.aonprd.com/Archetypes.aspx?ID=100,TRUE,,,,,,,,,,,,,,,,,,,,,,,,,TRUE,,,,,TRUE,,
Ghost,https://2e.aonprd.com/Archetypes.aspx?ID=177,FALSE,FALSE,TRUE,,,,,,,,,,,,,,,,,,,,,,,,TRUE,,,,,,
Ghost Eater,https://2e.aonprd.com/Archetypes.aspx?ID=92,FALSE,TRUE,,TRUE,TRUE,,,,,,,,,,,,,,TRUE,,,,TRUE,,,,,,,,,,
Ghost Hunter,https://2e.aonprd.com/Archetypes.aspx?ID=88,FALSE,TRUE,,,,,,,TRUE,,,,,,TRUE,,,,TRUE,,,,TRUE,,,,,,,,,,
Ghoul,https://2e.aonprd.com/Archetypes.aspx?ID=178,FALSE,FALSE,TRUE,,,,,,,,,,,,,,,TRUE,,TRUE,,,,,,TRUE,,,,,,TRUE,
Gladiator,https://2e.aonprd.com/Archetypes.aspx?ID=251,TRUE,,,,,,,,TRUE,,,,,,,,,,,,,,,,,TRUE,,TRUE,TRUE,,,,TRUE
Golden League Xun,https://2e.aonprd.com/Archetypes.aspx?ID=93,FALSE,TRUE,,TRUE,TRUE,,,,TRUE,,,,,,,,,,,,,,,,,TRUE,,,,,,,
Golem Grafter,https://2e.aonprd.com/Archetypes.aspx?ID=39,FALSE,TRUE,,TRUE,,,,,,,,,,,,,,,,,,,,,,,TRUE,,,,,TRUE,
Gray Gardener,https://2e.aonprd.com/Archetypes.aspx?ID=124,FALSE,TRUE,,,,,,,TRUE,,,,,,,,,,TRUE,TRUE,,,TRUE,,,TRUE,,,,,,,TRUE
Guardian,https://2e.aonprd.com/Archetypes.aspx?ID=323,TRUE,,,,,,,,,,,,TRUE,,,,,,,,,TRUE,,,,TRUE,,,,,,,
Guerrilla,https://2e.aonprd.com/Archetypes.aspx?ID=327,TRUE,,,,TRUE,,,,,,,,,,,,,,,TRUE,,,,,,,,,,,,,
Gunslinger,https://2e.aonprd.com/Archetypes.aspx?ID=114,FALSE,TRUE,,,TRUE,,,,,TRUE,,,,,,,TRUE,,,TRUE,,TRUE,,,,TRUE,,,,,,,
Halcyon Speaker,https://2e.aonprd.com/Archetypes.aspx?ID=30,FALSE,TRUE,,,,,TRUE,TRUE,TRUE,,,TRUE,,TRUE,,,,,TRUE,,,,,TRUE,TRUE,,,,,TRUE,,,
Hallowed Necromancer,https://2e.aonprd.com/Archetypes.aspx?ID=172,FALSE,TRUE,,,,,TRUE,TRUE,TRUE,,,TRUE,,TRUE,,TRUE,,,,,,,TRUE,,TRUE,,TRUE,,,,,,
Harrower,https://2e.aonprd.com/Archetypes.aspx?ID=204,FALSE,TRUE,,TRUE,TRUE,TRUE,TRUE,TRUE,TRUE,,,,,,,,,,,,,,,,,TRUE,,,,,,,
Hellbreaker,https://2e.aonprd.com/Archetypes.aspx?ID=353,FALSE,TRUE,,TRUE,TRUE,,,TRUE,,,,,,TRUE,,,,,TRUE,TRUE,,,,,,TRUE,TRUE,,,,TRUE,,
Hellknight,https://2e.aonprd.com/Archetypes.aspx?ID=25,FALSE,TRUE,,,,,,,,,,,TRUE,,,,,,,TRUE,,,,,,,,,,,,,TRUE
Hellknight Armiger,https://2e.aonprd.com/Archetypes.aspx?ID=20,FALSE,TRUE,,,,,,,,,,,,TRUE,,TRUE,,,TRUE,TRUE,,,,,,,TRUE,,,,,,
Hellknight Signifer,https://2e.aonprd.com/Archetypes.aspx?ID=26,FALSE,TRUE,,,,,,,,,,,TRUE,,,TRUE,,,,,,,,,,,,,,,,,
Herbalist,https://2e.aonprd.com/Archetypes.aspx?ID=252,TRUE,,,,,,TRUE,,,TRUE,,,,,,,TRUE,,,,,,,,,,,,,,,,
Horizon Walker,https://2e.aonprd.com/Archetypes.aspx?ID=63,TRUE,,,,,,,,,,,,,,TRUE,,,,,,,,,,,,TRUE,,,,,,
Inventor,https://2e.aonprd.com/Archetypes.aspx?ID=108,FALSE,TRUE,,,,,,TRUE,,,,,,,,,,TRUE,,TRUE,TRUE,TRUE,,,,TRUE,,TRUE,,,,,
Investigator,https://2e.aonprd.com/Archetypes.aspx?ID=231,TRUE,,,,,,,TRUE,,,TRUE,,,,TRUE,,,,,,,TRUE,,,,TRUE,,,,,,,
Iridian Choirmaster,https://2e.aonprd.com/Archetypes.aspx?ID=328,FALSE,TRUE,,,,,,,,,,,,,,,,,,,,,,,,TRUE,,,,,,,
Jalmeri Heavenseeker,https://2e.aonprd.com/Archetypes.aspx?ID=198,FALSE,TRUE,,TRUE,,,TRUE,,,,,,,TRUE,,TRUE,,,,TRUE,,,TRUE,,,,,,,,TRUE,TRUE,
Juggler,https://2e.aonprd.com/Archetypes.aspx?ID=36,FALSE,TRUE,,,,,,,,,,,,,,,,,,,,,,,,TRUE,,,,,,,
Kitharodian Actor,https://2e.aonprd.com/Archetypes.aspx?ID=301,FALSE,FALSE,TRUE,,,,,,TRUE,,,,,,,,,,,,,,,,,TRUE,TRUE,,,,TRUE,,
Kineticist,https://2e.aonprd.com/Archetypes.aspx?ID=206,TRUE,,,,,TRUE,,,,,,,,,,,,TRUE,,,,TRUE,,,TRUE,,,,,,TRUE,,
Knight Reclaimant,https://2e.aonprd.com/Archetypes.aspx?ID=28,FALSE,TRUE,,,,,,,TRUE,,,,,TRUE,,TRUE,,,TRUE,TRUE,,,,,,TRUE,,,TRUE,,,,
Knight Vigilant,https://2e.aonprd.com/Archetypes.aspx?ID=27,FALSE,TRUE,,,,,,,TRUE,,,,,TRUE,,TRUE,,TRUE,,,,,,,,TRUE,TRUE,,TRUE,,,,
Lastwall Sentry,https://2e.aonprd.com/Archetypes.aspx?ID=15,FALSE,TRUE,,,,,,,,,,,,,,,,,,,,,,,,TRUE,TRUE,,,,TRUE,,
Lepidstadt Surgeon,https://2e.aonprd.com/Archetypes.aspx?ID=302,FALSE,TRUE,,,,,,,,,,,,,,,,,,,TRUE,,,,,,,,,,,,
Lich,https://2e.aonprd.com/Archetypes.aspx?ID=179,FALSE,FALSE,TRUE,,,,,,,,,,,,,,,,,,,,,,,,,,,,,,
Linguist,https://2e.aonprd.com/Archetypes.aspx?ID=253,TRUE,,,,,,,TRUE,,,,,,,,,,,,,,,,,,TRUE,,,TRUE,,,,
Lion Blade,https://2e.aonprd.com/Archetypes.aspx?ID=319,FALSE,TRUE,,,,,,,TRUE,,,,,,TRUE,,,,TRUE,TRUE,,,TRUE,,,,,,,,,,
Living Monolith,https://2e.aonprd.com/Archetypes.aspx?ID=16,FALSE,TRUE,,,,,,,,,,,,,,,,,TRUE,,,,,,,,TRUE,,,,,,
Living Vessel,https://2e.aonprd.com/Archetypes.aspx?ID=345,FALSE,FALSE,TRUE,,,,,,,,,,,,,,,,,,,,,,,,,,,,,TRUE,
Loremaster,https://2e.aonprd.com/Archetypes.aspx?ID=65,TRUE,,,,,,,TRUE,,,TRUE,,,,,,,,TRUE,,,,TRUE,,,,,,TRUE,,,,
Magaambyan Attendant,https://2e.aonprd.com/Archetypes.aspx?ID=29,FALSE,TRUE,,,,,TRUE,TRUE,,,,TRUE,,TRUE,,,,,,,TRUE,,TRUE,,TRUE,TRUE,,,TRUE,,,,
Magic Warrior,https://2e.aonprd.com/Archetypes.aspx?ID=19,FALSE,TRUE,,,,,,,,,,,,,,TRUE,,,TRUE,,,,,,TRUE,,,,,,,TRUE,
Magus,https://2e.aonprd.com/Archetypes.aspx?ID=95,TRUE,,,TRUE,TRUE,,,TRUE,,,,TRUE,,,,,,,,TRUE,,TRUE,,TRUE,,,,,,,,TRUE,
Mammoth Lord,https://2e.aonprd.com/Archetypes.aspx?ID=170,FALSE,TRUE,,,,,,,,,,,,,,,,,,,TRUE,,,,,,,,TRUE,,,,
Marshal,https://2e.aonprd.com/Archetypes.aspx?ID=254,TRUE,,,,,,,,TRUE,,,,,,,,,,,TRUE,,,,,,TRUE,,,,,TRUE,,
Martial Artist,https://2e.aonprd.com/Archetypes.aspx?ID=255,TRUE,,,TRUE,TRUE,,,,,,,,,,,,,,,TRUE,,,,,,TRUE,TRUE,,,,TRUE,TRUE,
Mauler,https://2e.aonprd.com/Archetypes.aspx?ID=256,TRUE,,,TRUE,,,,,,,,,,,,,,,,TRUE,,,,,,TRUE,,,,,,,
Medic,https://2e.aonprd.com/Archetypes.aspx?ID=257,TRUE,,,,,,TRUE,,,,,,,,,,,TRUE,,,,,,,,,,,TRUE,,,,
Mind Smith,https://2e.aonprd.com/Archetypes.aspx?ID=351,TRUE,,TRUE,,,,,,,,,,,,,,,,,,,,,,,,,,TRUE,,,,
Monk,https://2e.aonprd.com/Archetypes.aspx?ID=232,TRUE,,,TRUE,TRUE,,TRUE,,,,,,,TRUE,,TRUE,,TRUE,,TRUE,,TRUE,TRUE,,,TRUE,,,,,TRUE,TRUE,TRUE
Mortal Herald,https://2e.aonprd.com/Archetypes.aspx?ID=305,FALSE,FALSE,TRUE,,,,TRUE,,,,,,,TRUE,,TRUE,,,TRUE,,,,,,,TRUE,TRUE,,TRUE,,TRUE,,
Mummy,https://2e.aonprd.com/Archetypes.aspx?ID=180,FALSE,FALSE,TRUE,,,,,,,,,,,,,,,,,,,,,,,TRUE,,,,,,TRUE,
Nantambu Chime-Ringer,https://2e.aonprd.com/Archetypes.aspx?ID=106,FALSE,TRUE,,,,,,TRUE,TRUE,,,TRUE,,,,,,,TRUE,,,,TRUE,,,,,,,,,,
Necrologist,https://2e.aonprd.com/Archetypes.aspx?ID=330,FALSE,FALSE,TRUE,,,,TRUE,TRUE,TRUE,,,,,,,,,,,,,,,,,,,,,,,,
Oatia Skysage,https://2e.aonprd.com/Archetypes.aspx?ID=335,FALSE,TRUE,,,,,,TRUE,,,,,,,,TRUE,,,,,,,TRUE,,,TRUE,TRUE,,,TRUE,,,
Oozemorph,https://2e.aonprd.com/Archetypes.aspx?ID=84,FALSE,TRUE,,,,,,,,,,,,,,,,,,,,,,,,,TRUE,,,,,,
Oracle,https://2e.aonprd.com/Archetypes.aspx?ID=233,TRUE,,,,,,,,,,,,,,,,,,,,,,,,,,,,,,,,
Ostilli Host,https://2e.aonprd.com/Archetypes.aspx?ID=222,FALSE,TRUE,,TRUE,TRUE,TRUE,TRUE,TRUE,TRUE,,,,,,,,,,,,,,,,,TRUE,TRUE,,,,,,
Overwatch,https://2e.aonprd.com/Archetypes.aspx?ID=109,FALSE,TRUE,,,,,,,,,,,,,,,,,,,,,,,,TRUE,,,,,,,
Pactbinder,https://2e.aonprd.com/Archetypes.aspx?ID=346,FALSE,TRUE,,,,,,,TRUE,,,,,,,,,,TRUE,,,,,,TRUE,,,,TRUE,,,,
Pactbound Initiate,https://2e.aonprd.com/Archetypes.aspx?ID=167,FALSE,FALSE,TRUE,,,,,,,,,,,,,,,,,,,,,,,TRUE,TRUE,,,,,TRUE,
Pathfinder Agent,https://2e.aonprd.com/Archetypes.aspx?ID=13,FALSE,TRUE,,,,,,,,,TRUE,TRUE,,TRUE,TRUE,,,,TRUE,,,,TRUE,,TRUE,TRUE,,,,,,,
Pirate,https://2e.aonprd.com/Archetypes.aspx?ID=258,TRUE,,,,,,,,TRUE,,,,,,,,,,,,,,,,,TRUE,,,TRUE,,,,TRUE
Pistol Phenom,https://2e.aonprd.com/Archetypes.aspx?ID=120,FALSE,TRUE,,,TRUE,,,,TRUE,,,,,,,,,,,TRUE,,,,,,,,,,,,,
Poisoner,https://2e.aonprd.com/Archetypes.aspx?ID=259,TRUE,,,,TRUE,,,,,TRUE,,,,,,,,,,,,,,,,TRUE,TRUE,,,,,,
Prophet of Kalistrade,https://2e.aonprd.com/Archetypes.aspx?ID=315,FALSE,TRUE,,,,,,,TRUE,,,TRUE,,,,,,,TRUE,,,,TRUE,,,,,,,TRUE,,,
Provocator,https://2e.aonprd.com/Archetypes.aspx?ID=87,FALSE,TRUE,,,,,,,TRUE,,,,,,,,,,,TRUE,,,,,,TRUE,,,,,,,
Psychic,https://2e.aonprd.com/Archetypes.aspx?ID=342,TRUE,,,,,,,TRUE,TRUE,,,,,,,TRUE,,,,,,TRUE,TRUE,,,,,,,TRUE,,,
Psychic Duelist,https://2e.aonprd.com/Archetypes.aspx?ID=350,FALSE,FALSE,TRUE,,,,,,,,,,,,,,,,,,,,,,,,,,,,,,
Ranger,https://2e.aonprd.com/Archetypes.aspx?ID=215,TRUE,,,TRUE,TRUE,,TRUE,,,,,,,,,TRUE,,TRUE,,TRUE,TRUE,TRUE,,,TRUE,TRUE,,,,,,,
Razmiran Priest,https://2e.aonprd.com/Archetypes.aspx?ID=307,FALSE,TRUE,,,,,,,TRUE,,,,,,,,,,,,,,TRUE,,,,,,,,,,
Reanimator,https://2e.aonprd.com/Archetypes.aspx?ID=175,TRUE,,,,,,,,,,,,,,,TRUE,,,,,,,,,,,,,,,,,
Red Mantis Assassin,https://2e.aonprd.com/Archetypes.aspx?ID=271,FALSE,TRUE,,,,,,,TRUE,,,,,TRUE,,TRUE,,,,TRUE,,,,TRUE,,,,,,,,,TRUE
Ritualist,https://2e.aonprd.com/Archetypes.aspx?ID=260,FALSE,TRUE,,,,,,,,,,,,,,,,,,,,,,,,,,,TRUE,,,,
Rivethun Emissary,https://2e.aonprd.com/Archetypes.aspx?ID=308,FALSE,TRUE,,,,,TRUE,,,,,,,TRUE,TRUE,TRUE,,,TRUE,,TRUE,,,,,,,,,,,,
Rivethun Invoker,https://2e.aonprd.com/Archetypes.aspx?ID=309,FALSE,TRUE,,,,,,,,,,,,,,,,,,TRUE,,,,,,TRUE,TRUE,,,,,TRUE,
Rivethun Involutionist,https://2e.aonprd.com/Archetypes.aspx?ID=310,FALSE,TRUE,,,,,TRUE,,,,,,,TRUE,,,,,,,TRUE,,,,,,,,,TRUE,,,
Rogue,https://2e.aonprd.com/Archetypes.aspx?ID=216,TRUE,,,,TRUE,,,,,,,,,,TRUE,,,,,,,TRUE,,,,TRUE,,,,,,,
Runescarred,https://2e.aonprd.com/Archetypes.aspx?ID=21,FALSE,TRUE,,,,,,,TRUE,,,TRUE,,,,,,,TRUE,,,,,,,,,,,,,,
Sanguimancer,https://2e.aonprd.com/Archetypes.aspx?ID=321,FALSE,FALSE,TRUE,,,,,,,,,TRUE,,TRUE,,,,,,,,,TRUE,,TRUE,,,,,,,,
Scions of Domora,https://2e.aonprd.com/Archetypes.aspx?ID=336,FALSE,FALSE,TRUE,,,,,,,,,,,,,,,,,TRUE,TRUE,,,,,TRUE,TRUE,,,,,,
Scout,https://2e.aonprd.com/Archetypes.aspx?ID=261,TRUE,,,,,,,,,,,,,,TRUE,,,,,TRUE,,,,,,,,,,,,,
Scroll Trickster,https://2e.aonprd.com/Archetypes.aspx?ID=262,TRUE,,,,,,,,,,,,,,,,TRUE,,,,,,,,,,,,,,,,
Scrollmaster,https://2e.aonprd.com/Archetypes.aspx?ID=31,FALSE,TRUE,,,,,,TRUE,,,,TRUE,,,,TRUE,,,TRUE,,,,,,,TRUE,,,,,,,
Scrounger,https://2e.aonprd.com/Archetypes.aspx?ID=263,FALSE,TRUE,,,,,,,,,,,,,,,,,,,,,,,,,,,TRUE,,,,
Sentinel,https://2e.aonprd.com/Archetypes.aspx?ID=264,TRUE,,,,,,,,,,,,TRUE,,,,,,,,,,,,,TRUE,,,,,,,
Shadowcaster,https://2e.aonprd.com/Archetypes.aspx?ID=101,FALSE,TRUE,,,,,TRUE,TRUE,TRUE,,,TRUE,,TRUE,,TRUE,,,TRUE,,TRUE,,TRUE,,TRUE,,TRUE,,,,,,
Shadowdancer,https://2e.aonprd.com/Archetypes.aspx?ID=77,TRUE,,,,,,,,TRUE,,,,,,,TRUE,,,TRUE,,,,TRUE,,,TRUE,TRUE,,,,,,
Shieldmarshal,https://2e.aonprd.com/Archetypes.aspx?ID=197,FALSE,TRUE,,,,,,,,,,,,,,,,,,TRUE,,,,,,TRUE,TRUE,,,,,,
Sixth Pillar,https://2e.aonprd.com/Archetypes.aspx?ID=94,FALSE,TRUE,,,,,,,,,,,,,,,,,,,,,,,,,,,,,TRUE,TRUE,
Sleepwalker,https://2e.aonprd.com/Archetypes.aspx?ID=352,FALSE,TRUE,,,,,TRUE,,,,,,,,,TRUE,,,TRUE,,,,TRUE,,,,,,,,,,
Snarecrafter,https://2e.aonprd.com/Archetypes.aspx?ID=265,TRUE,,,,,,,,,,,,,,,,TRUE,,,,,,,,,,,,,,,,
Sniping Duo,https://2e.aonprd.com/Archetypes.aspx?ID=121,TRUE,,,,,,,,,,,,,,,,,,,TRUE,,,,,,TRUE,,,,,,,
Sorcerer,https://2e.aonprd.com/Archetypes.aspx?ID=234,TRUE,,,,,,,,TRUE,,,TRUE,,TRUE,,TRUE,,TRUE,,,,,TRUE,,TRUE,,,,,,,,
Soul Warden,https://2e.aonprd.com/Archetypes.aspx?ID=173,TRUE,,,,,,TRUE,,,,,,,TRUE,,TRUE,,,TRUE,,,,,,,,,,,,,,
Soulforger,https://2e.aonprd.com/Archetypes.aspx?ID=102,FALSE,TRUE,,,,,,,,,,,,,,,,,,,,,,,,,,,,,,,
Spell Trickster,https://2e.aonprd.com/Archetypes.aspx?ID=126,TRUE,,,,,,TRUE,TRUE,TRUE,,,,,,,,,,,,,,,,,,,,,,,,
Spellmaster,https://2e.aonprd.com/Archetypes.aspx?ID=32,FALSE,TRUE,,,,,TRUE,TRUE,TRUE,,,,,,TRUE,,,,,,TRUE,,,,,TRUE,TRUE,,,,,,
Spirit Warrior,https://2e.aonprd.com/Archetypes.aspx?ID=274,FALSE,TRUE,,,,,,,,,,,,,,,,,,TRUE,,,,,,TRUE,,,,,,TRUE,
Staff Acrobat,https://2e.aonprd.com/Archetypes.aspx?ID=37,FALSE,TRUE,,TRUE,TRUE,,,,,,,,,,,,,,,TRUE,,,,,,,,,,,TRUE,,
Stalwart Defender,https://2e.aonprd.com/Archetypes.aspx?ID=205,FALSE,TRUE,,,,,,,,,,,TRUE,,,,,,,,,,,,,TRUE,TRUE,,TRUE,,TRUE,,
Starlit Sentinel,https://2e.aonprd.com/Archetypes.aspx?ID=275,FALSE,FALSE,TRUE,,,,,,TRUE,,,TRUE,,,,TRUE,,TRUE,,,,,,,,,,,,,,,
Sterling Dynamo,https://2e.aonprd.com/Archetypes.aspx?ID=110,FALSE,TRUE,,,,,,,,,,,,,,,,,,TRUE,,,,,,,,,,,,TRUE,
Stone Brawler,https://2e.aonprd.com/Archetypes.aspx?ID=209,FALSE,TRUE,,,,,,,,,,,,,,,,,,,,,,,,,TRUE,,,,TRUE,TRUE,
Stonebound,https://2e.aonprd.com/Archetypes.aspx?ID=210,FALSE,TRUE,,,,,,,TRUE,,,,,,,,,,TRUE,,,,,,TRUE,,,,,,,,
Student of Perfection,https://2e.aonprd.com/Archetypes.aspx?ID=18,FALSE,TRUE,,,TRUE,TRUE,TRUE,,,,,,,,,TRUE,,,,,,,,,,,TRUE,,,,,,TRUE
Summoner,https://2e.aonprd.com/Archetypes.aspx?ID=96,TRUE,,,,,,,,TRUE,,,TRUE,,TRUE,,,,,,,TRUE,TRUE,TRUE,,TRUE,,,,,TRUE,,TRUE,
Swarmkeeper,https://2e.aonprd.com/Archetypes.aspx?ID=223,FALSE,TRUE,,TRUE,TRUE,TRUE,TRUE,TRUE,TRUE,,,,,,,,,,,,,,,,,,,,,,,,
Swashbuckler,https://2e.aonprd.com/Archetypes.aspx?ID=235,TRUE,,,,TRUE,,,,TRUE,,,,,,,,,,,TRUE,,TRUE,,,,TRUE,,,,,,,
Swordmaster,https://2e.aonprd.com/Archetypes.aspx?ID=33,FALSE,TRUE,,TRUE,TRUE,,,,,,,,,,TRUE,,,,,TRUE,,,,,,TRUE,,TRUE,TRUE,,,,TRUE
Talisman Dabbler,https://2e.aonprd.com/Archetypes.aspx?ID=266,TRUE,,,TRUE,TRUE,TRUE,TRUE,TRUE,TRUE,,,,,,,,TRUE,,,,,,,,,,,,,,,,
Tattooed Historian,https://2e.aonprd.com/Archetypes.aspx?ID=313,FALSE,TRUE,,TRUE,TRUE,TRUE,TRUE,TRUE,TRUE,,,,,,,,,,,TRUE,,,,,,TRUE,,,,,,,
Thaumaturge,https://2e.aonprd.com/Archetypes.aspx?ID=343,TRUE,,,TRUE,TRUE,,,,TRUE,,,,,,TRUE,,,TRUE,,,,TRUE,,,,TRUE,TRUE,,,,,,
Thlipit Contestant,https://2e.aonprd.com/Archetypes.aspx?ID=224,TRUE,,,TRUE,,,,,,,,,,,,,,,,TRUE,,,,,,TRUE,,,,,,TRUE,
Time Mage,https://2e.aonprd.com/Archetypes.aspx?ID=348,FALSE,TRUE,,,,,TRUE,TRUE,TRUE,,,TRUE,,TRUE,,TRUE,,TRUE,TRUE,,,,TRUE,,TRUE,,,,,,,,
Trapsmith,https://2e.aonprd.com/Archetypes.aspx?ID=111,FALSE,TRUE,,,,,,,,,,,,,,,,,,,,,,,,,,,TRUE,,,,
Trick Driver,https://2e.aonprd.com/Archetypes.aspx?ID=112,FALSE,TRUE,,,TRUE,,,TRUE,,,,,,,,,,,,,,,,,,,,,TRUE,,,,
Turpin Rowe Lumberjack,https://2e.aonprd.com/Archetypes.aspx?ID=40,FALSE,TRUE,,TRUE,TRUE,,,,,,,,,,,,,,,,,,,,,,,,,,,,
Twilight Speaker,https://2e.aonprd.com/Archetypes.aspx?ID=337,FALSE,TRUE,,,TRUE,,,TRUE,TRUE,,,,,,,,,,,,,,,,,TRUE,,TRUE,,,,,
Ulfen Guard,https://2e.aonprd.com/Archetypes.aspx?ID=320,FALSE,TRUE,,TRUE,,,,,,,,,,,,,,,,,,,,,,TRUE,,,,,,,
Undead Master,https://2e.aonprd.com/Archetypes.aspx?ID=176,FALSE,TRUE,,,,,,,,,,,,,,,,,,,TRUE,,,,,TRUE,,,,,,,
Undead Slayer,https://2e.aonprd.com/Archetypes.aspx?ID=174,TRUE,,,TRUE,TRUE,,TRUE,TRUE,TRUE,,,,,,,,TRUE,,,TRUE,,,,,,,TRUE,,TRUE,,,,
Unexpected Sharpshooter,https://2e.aonprd.com/Archetypes.aspx?ID=123,FALSE,TRUE,,,TRUE,,,,TRUE,,,,,,,,,,,TRUE,,,,,,TRUE,,,,,,,
Vampire,https://2e.aonprd.com/Archetypes.aspx?ID=181,FALSE,FALSE,TRUE,TRUE,,,,,TRUE,,,,,TRUE,,,,TRUE,TRUE,,,,,,,,,,,,,TRUE,
Vehicle Mechanic,https://2e.aonprd.com/Archetypes.aspx?ID=113,FALSE,TRUE,,,,,,,,,,,,,,,,,,,,,,,,,,,TRUE,,,,
Venture-Gossip,https://2e.aonprd.com/Archetypes.aspx?ID=311,TRUE,,,,,,,TRUE,TRUE,,TRUE,,,,,,,,,,,,,,,TRUE,,,TRUE,,,,
Verduran Shadow,https://2e.aonprd.com/Archetypes.aspx?ID=312,FALSE,TRUE,,,,,TRUE,,,,,,,,,,,,,TRUE,,,,,,TRUE,,,,,,,
Vigilante,https://2e.aonprd.com/Archetypes.aspx?ID=267,FALSE,TRUE,,,,,,,TRUE,,,,,,,,,,,,,,,,,TRUE,,,TRUE,,,,
Viking,https://2e.aonprd.com/Archetypes.aspx?ID=268,TRUE,,,TRUE,TRUE,,,,,,,,,,,,,,,TRUE,,,,,,TRUE,,,,,,,TRUE
Wandering Chef,https://2e.aonprd.com/Archetypes.aspx?ID=277,TRUE,,,,,,,,,TRUE,,,,,,,TRUE,,,,,,,,,,,,,,,,
Weapon Improviser,https://2e.aonprd.com/Archetypes.aspx?ID=269,TRUE,,,TRUE,TRUE,,,,,,,,,,,,,,,TRUE,,,,,,TRUE,,,,,,,
Werecreature,https://2e.aonprd.com/Archetypes.aspx?ID=225,FALSE,FALSE,TRUE,TRUE,TRUE,,,,,,,,,,,,,TRUE,,,,,,,,TRUE,TRUE,,,,,TRUE,
Wild Mimic,https://2e.aonprd.com/Archetypes.aspx?ID=226,TRUE,,,TRUE,TRUE,,,,,,,,,,,,,,,TRUE,,,,,,TRUE,,,,,TRUE,TRUE,
Winged Warrior,https://2e.aonprd.com/Archetypes.aspx?ID=227,TRUE,,,TRUE,TRUE,,,,,,,,,,,,,,,TRUE,,,,,,TRUE,,,,,,TRUE,
Witch,https://2e.aonprd.com/Archetypes.aspx?ID=217,TRUE,,,,,,,TRUE,,,,TRUE,,TRUE,,TRUE,TRUE,TRUE,,,TRUE,TRUE,TRUE,TRUE,TRUE,,,,,,,,
Wizard,https://2e.aonprd.com/Archetypes.aspx?ID=218,TRUE,,,,,,,TRUE,,,,TRUE,,,,TRUE,,,,,TRUE,TRUE,,,,,,,,,,,
Worm Caller,https://2e.aonprd.com/Archetypes.aspx?ID=208,FALSE,FALSE,TRUE,,,,,,,,,,,,,,,,TRUE,,,,,,TRUE,,TRUE,,,,,,
Wrestler,https://2e.aonprd.com/Archetypes.aspx?ID=270,TRUE,,,TRUE,,,,,,,,,,,,,,,,TRUE,,,,,,TRUE,,,,,,TRUE,
Wylderheart,https://2e.aonprd.com/Archetypes.aspx?ID=318,FALSE,TRUE,,TRUE,TRUE,,TRUE,,,,,,,,,TRUE,,,,TRUE,TRUE,,,,TRUE,,,,,,,,
Zephyr Guard,https://2e.aonprd.com/Archetypes.aspx?ID=35,FALSE,TRUE,,TRUE,,,TRUE,,TRUE,,,,,,,,,,,,,,,,,,,,,,,,
Zombie,https://2e.aonprd.com/Archetypes.aspx?ID=182,FALSE,FALSE,TRUE,TRUE,,,,,,,,,,,,,,,,TRUE,TRUE,,,,,TRUE,,,,,,TRUE,